section,stack_no,process,diameter,sampling_month_year,stack_temperature,oxygen_pct,gas_velocity,flow_rate,dust_emission_actual_o2,dust_emission_rate,operation_hour,dust_emission_total,report_month
Dust/ Bụi,Sấy phun 1,,,2/12/2019,84.3,,,1416.6666666666667,41.0,3.485,452.0,1575.22,Jan
Dust/ Bụi,Sấy phun 1,,,2/12/2019,84.3,,,1416.6666666666667,41.0,3.485,0.0,0.0,Feb
Dust/ Bụi,Sấy phun 1,,,2/12/2019,84.3,,,1416.6666666666667,41.0,3.485,593.0,2066.605,Mar
Dust/ Bụi,Sấy phun 1,,,3/4/2020,82.3,,,1416.6666666666667,52.5,4.4625,671.0,2994.3375,Apr
Dust/ Bụi,Sấy phun 1,,,3/4/2020,82.3,,,1416.6666666666667,52.5,4.4625,689.0,3074.6625000000004,May
Dust/ Bụi,Sấy phun 1,,,8/6/2020,95.5,,,1416.6666666666667,42.6,3.6210000000000004,673.0,2436.9330000000004,Jun
Dust/ Bụi,Sấy phun 1,,,8/6/2020,95.5,,,1416.6666666666667,42.6,3.6210000000000004,714.0,2585.3940000000002,Jul
Dust/ Bụi,Sấy phun 1,,,8/6/2020,95.5,,,1416.6666666666667,42.6,3.6210000000000004,637.0,2306.577,Aug
Dust/ Bụi,Sấy phun 1,,,8/6/2020,95.5,,,1416.6666666666667,42.6,3.6210000000000004,466.0,1687.3860000000002,Sep
Dust/ Bụi,Sấy phun 1,,,20/8/2020,96.2,,,1416.6666666666667,43.4,3.689,680.0,2508.52,Oct
Dust/ Bụi,Sấy phun 1,,,20/8/2020,96.2,,,1416.6666666666667,43.4,3.689,683.0,2519.587,Nov
Dust/ Bụi,Sấy phun 1,,,20/8/2020,96.2,,,1416.6666666666667,43.4,3.689,660.0,2434.7400000000002,Dec
Dust/ Bụi,Sấy phun 2,,,2/12/2019,87.1,,,1416.6666666666667,43.0,3.6550000000000002,400.0,1462.0,Jan
Dust/ Bụi,Sấy phun 2,,,2/12/2019,87.1,,,1416.6666666666667,43.0,3.6550000000000002,424.0,1549.72,Feb
Dust/ Bụi,Sấy phun 2,,,2/12/2019,87.1,,,1416.6666666666667,43.0,3.6550000000000002,654.0,2390.3700000000003,Mar
Dust/ Bụi,Sấy phun 2,,,3/4/2020,71.9,,,1416.6666666666667,48.9,4.1565,475.0,1974.3375,Apr
Dust/ Bụi,Sấy phun 2,,,3/4/2020,71.9,,,1416.6666666666667,48.9,4.1565,499.7,2077.0030500000003,May
Dust/ Bụi,Sấy phun 2,,,8/6/2020,94.1,,,1416.6666666666667,43.7,3.7145000000000006,513.6,1907.7672000000005,Jun
Dust/ Bụi,Sấy phun 2,,,8/6/2020,94.1,,,1416.6666666666667,43.7,3.7145000000000006,611.0,2269.5595000000003,Jul
Dust/ Bụi,Sấy phun 2,,,8/6/2020,94.1,,,1416.6666666666667,43.7,3.7145000000000006,531.0,1972.3995000000002,Aug
Dust/ Bụi,Sấy phun 2,,,8/6/2020,94.1,,,1416.6666666666667,43.7,3.7145000000000006,621.0,2306.7045000000003,Sep
Dust/ Bụi,Sấy phun 2,,,20/8/2020,95.1,,,1416.6666666666667,42.3,3.5955,200.0,719.1,Oct
Dust/ Bụi,Sấy phun 2,,,20/8/2020,95.1,,,1416.6666666666667,42.3,3.5955,360.0,1294.3799999999999,Nov
Dust/ Bụi,Sấy phun 2,,,20/8/2020,95.1,,,1416.6666666666667,42.3,3.5955,436.0,1567.638,Dec
Dust/ Bụi,"Ống khói lò nung xương 1,2",,,2/12/2019,153.2,,,173.33333333333334,52.0,0.5408,384.0,207.66719999999998,Jan
Dust/ Bụi,"Ống khói lò nung xương 1,2",,,2/12/2019,153.2,,,173.33333333333334,52.0,0.5408,328.0,177.3824,Feb
Dust/ Bụi,"Ống khói lò nung xương 1,2",,,2/12/2019,153.2,,,173.33333333333334,52.0,0.5408,744.0,402.35519999999997,Mar
Dust/ Bụi,"Ống khói lò nung xương 1,2",,,3/4/2020,130.0,,,181.66666666666666,49.3,0.53737,720.0,386.9064,Apr
Dust/ Bụi,"Ống khói lò nung xương 1,2",,,3/4/2020,130.0,,,181.66666666666666,49.3,0.53737,744.0,399.80328000000003,May
Dust/ Bụi,"Ống khói lò nung xương 1,2",,,8/6/2020,119.3,,,181.66666666666666,44.8,0.4883199999999999,720.0,351.59039999999993,Jun
Dust/ Bụi,"Ống khói lò nung xương 1,2",,,8/6/2020,119.3,,,181.66666666666666,44.8,0.4883199999999999,744.0,363.3100799999999,Jul
Dust/ Bụi,"Ống khói lò nung xương 1,2",,,8/6/2020,119.3,,,181.66666666666666,44.8,0.4883199999999999,744.0,363.3100799999999,Aug
Dust/ Bụi,"Ống khói lò nung xương 1,2",,,8/6/2020,119.3,,,181.66666666666666,44.8,0.4883199999999999,720.0,351.59039999999993,Sep
Dust/ Bụi,"Ống khói lò nung xương 1,2",,,20/8/2020,121.5,,,154.0,45.1,0.41672400000000004,744.0,310.042656,Oct
Dust/ Bụi,"Ống khói lò nung xương 1,2",,,20/8/2020,121.5,,,154.0,45.1,0.41672400000000004,720.0,300.04128000000003,Nov
Dust/ Bụi,"Ống khói lò nung xương 1,2",,,20/8/2020,121.5,,,154.0,45.1,0.41672400000000004,744.0,310.042656,Dec
Dust/ Bụi,"Ống khói lò nung xương 3,4",,,2/12/2019,159.1,,,188.33333333333334,53.0,0.5989000000000001,416.0,249.14240000000004,Jan
Dust/ Bụi,"Ống khói lò nung xương 3,4",,,2/12/2019,159.1,,,188.33333333333334,53.0,0.5989000000000001,448.0,268.3072,Feb
Dust/ Bụi,"Ống khói lò nung xương 3,4",,,2/12/2019,159.1,,,188.33333333333334,53.0,0.5989000000000001,744.0,445.5816000000001,Mar
Dust/ Bụi,"Ống khói lò nung xương 3,4",,,3/4/2020,120.1,,,186.66666666666666,53.2,0.59584,720.0,429.00480000000005,Apr
Dust/ Bụi,"Ống khói lò nung xương 3,4",,,3/4/2020,120.1,,,186.66666666666666,53.2,0.59584,744.0,443.30496000000005,May
Dust/ Bụi,"Ống khói lò nung xương 3,4",,,8/6/2020,120.6,,,186.66666666666666,41.3,0.4625599999999999,720.0,333.04319999999996,Jun
Dust/ Bụi,"Ống khói lò nung xương 3,4",,,8/6/2020,120.6,,,186.66666666666666,41.3,0.4625599999999999,744.0,344.1446399999999,Jul
Dust/ Bụi,"Ống khói lò nung xương 3,4",,,8/6/2020,120.6,,,186.66666666666666,41.3,0.4625599999999999,744.0,344.1446399999999,Aug
Dust/ Bụi,"Ống khói lò nung xương 3,4",,,8/6/2020,120.6,,,186.66666666666666,41.3,0.4625599999999999,720.0,333.04319999999996,Sep
Dust/ Bụi,"Ống khói lò nung xương 3,4",,,20/8/2020,122.7,,,158.33333333333334,42.6,0.40470000000000006,744.0,301.09680000000003,Oct
Dust/ Bụi,"Ống khói lò nung xương 3,4",,,20/8/2020,122.7,,,158.33333333333334,42.6,0.40470000000000006,720.0,291.384,Nov
Dust/ Bụi,"Ống khói lò nung xương 3,4",,,20/8/2020,122.7,,,158.33333333333334,42.6,0.40470000000000006,744.0,301.09680000000003,Dec
Dust/ Bụi,"Ống khói lò nung xương 5,6",,,2/12/2019,146.5,,,175.5,50.0,0.5265,424.0,223.236,Jan
Dust/ Bụi,"Ống khói lò nung xương 5,6",,,2/12/2019,146.5,,,175.5,50.0,0.5265,0.0,0.0,Feb
Dust/ Bụi,"Ống khói lò nung xương 5,6",,,2/12/2019,146.5,,,175.5,50.0,0.5265,624.0,328.536,Mar
Dust/ Bụi,"Ống khói lò nung xương 5,6",,,3/4/2020,145.9,,,175.0,47.7,0.50085,720.0,360.612,Apr
Dust/ Bụi,"Ống khói lò nung xương 5,6",,,3/4/2020,145.9,,,175.0,47.7,0.50085,744.0,372.6324,May
Dust/ Bụi,"Ống khói lò nung xương 5,6",,,8/6/2020,117.5,,,175.0,46.5,0.48825,720.0,351.54,Jun
Dust/ Bụi,"Ống khói lò nung xương 5,6",,,8/6/2020,117.5,,,175.0,46.5,0.48825,744.0,363.25800000000004,Jul
Dust/ Bụi,"Ống khói lò nung xương 5,6",,,8/6/2020,117.5,,,175.0,46.5,0.48825,744.0,363.25800000000004,Aug
Dust/ Bụi,"Ống khói lò nung xương 5,6",,,8/6/2020,117.5,,,175.0,46.5,0.48825,720.0,351.54,Sep
Dust/ Bụi,"Ống khói lò nung xương 5,6",,,20/8/2020,118.6,,,194.16666666666666,43.9,0.511435,744.0,380.50764,Oct
Dust/ Bụi,"Ống khói lò nung xương 5,6",,,20/8/2020,118.6,,,194.16666666666666,43.9,0.511435,720.0,368.23319999999995,Nov
Dust/ Bụi,"Ống khói lò nung xương 5,6",,,20/8/2020,118.6,,,194.16666666666666,43.9,0.511435,744.0,380.50764,Dec
Dust/ Bụi,Ống khói lò nung men số 1,,,29/9/2019,157.3,,,168.66666666666666,51.0,0.51612,384.0,198.19008000000002,Jan
Dust/ Bụi,Ống khói lò nung men số 1,,,29/9/2019,157.3,,,168.66666666666666,51.0,0.51612,328.0,169.28736,Feb
Dust/ Bụi,Ống khói lò nung men số 1,,,29/9/2019,157.3,,,168.66666666666666,51.0,0.51612,744.0,383.99328,Mar
Dust/ Bụi,Ống khói lò nung men số 1,,,3/4/2020,152.3,,,178.33333333333334,54.6,0.58422,720.0,420.6384,Apr
Dust/ Bụi,Ống khói lò nung men số 1,,,3/4/2020,152.3,,,178.33333333333334,54.6,0.58422,744.0,434.65968,May
Dust/ Bụi,Ống khói lò nung men số 1,,,8/6/2020,125.8,,,178.33333333333334,43.7,0.46759000000000006,720.0,336.66480000000007,Jun
Dust/ Bụi,Ống khói lò nung men số 1,,,8/6/2020,125.8,,,178.33333333333334,43.7,0.46759000000000006,744.0,347.88696000000004,Jul
Dust/ Bụi,Ống khói lò nung men số 1,,,8/6/2020,125.8,,,178.33333333333334,43.7,0.46759000000000006,744.0,347.88696000000004,Aug
Dust/ Bụi,Ống khói lò nung men số 1,,,8/6/2020,125.8,,,178.33333333333334,43.7,0.46759000000000006,720.0,336.66480000000007,Sep
Dust/ Bụi,Ống khói lò nung men số 1,,,8/6/2020,125.8,,,178.33333333333334,43.7,0.46759000000000006,744.0,347.88696000000004,Oct
Dust/ Bụi,Ống khói lò nung men số 1,,,8/6/2020,125.8,,,178.33333333333334,43.7,0.46759000000000006,720.0,336.66480000000007,Nov
Dust/ Bụi,Ống khói lò nung men số 1,,,8/6/2020,125.8,,,178.33333333333334,43.7,0.46759000000000006,744.0,347.88696000000004,Dec
Dust/ Bụi,Ống khói lò nung men số 2,,,29/9/2019,124.3,,,141.5,52.0,0.44148,384.0,169.52832,Jan
Dust/ Bụi,Ống khói lò nung men số 2,,,29/9/2019,124.3,,,141.5,52.0,0.44148,328.0,144.80544,Feb
Dust/ Bụi,Ống khói lò nung men số 2,,,29/9/2019,124.3,,,141.5,52.0,0.44148,744.0,328.46112,Mar
Dust/ Bụi,Ống khói lò nung men số 2,,,3/4/2020,149.5,,,186.66666666666666,48.5,0.5431999999999999,720.0,391.1039999999999,Apr
Dust/ Bụi,Ống khói lò nung men số 2,,,3/4/2020,149.5,,,186.66666666666666,48.5,0.5431999999999999,744.0,404.14079999999996,May
Dust/ Bụi,Ống khói lò nung men số 2,,,8/6/2020,105.7,,,186.66666666666666,48.6,0.54432,720.0,391.91040000000004,Jun
Dust/ Bụi,Ống khói lò nung men số 2,,,8/6/2020,105.7,,,186.66666666666666,48.6,0.54432,744.0,404.97408,Jul
Dust/ Bụi,Ống khói lò nung men số 2,,,8/6/2020,105.7,,,186.66666666666666,48.6,0.54432,744.0,404.97408,Aug
Dust/ Bụi,Ống khói lò nung men số 2,,,8/6/2020,105.7,,,186.66666666666666,48.6,0.54432,720.0,391.91040000000004,Sep
Dust/ Bụi,Ống khói lò nung men số 2,,,20/8/2020,124.7,,,155.66666666666666,44.2,0.412828,744.0,307.144032,Oct
Dust/ Bụi,Ống khói lò nung men số 2,,,20/8/2020,124.7,,,155.66666666666666,44.2,0.412828,720.0,297.23616,Nov
Dust/ Bụi,Ống khói lò nung men số 2,,,20/8/2020,124.7,,,155.66666666666666,44.2,0.412828,744.0,307.144032,Dec
Dust/ Bụi,Ống khói lò nung men số 3,,,29/9/2019,117.7,,,138.0,52.0,0.43056,416.0,179.11296,Jan
Dust/ Bụi,Ống khói lò nung men số 3,,,29/9/2019,117.7,,,138.0,52.0,0.43056,448.0,192.89088,Feb
Dust/ Bụi,Ống khói lò nung men số 3,,,29/9/2019,117.7,,,138.0,52.0,0.43056,744.0,320.33664,Mar
Dust/ Bụi,Ống khói lò nung men số 3,,,3/4/2020,147.9,,,165.0,49.6,0.49104,720.0,353.54879999999997,Apr
Dust/ Bụi,Ống khói lò nung men số 3,,,3/4/2020,147.9,,,165.0,49.6,0.49104,744.0,365.33376,May
Dust/ Bụi,Ống khói lò nung men số 3,,,3/4/2020,147.9,,,165.0,49.6,0.49104,720.0,353.54879999999997,Jun
Dust/ Bụi,Ống khói lò nung men số 3,,,3/4/2020,147.9,,,165.0,49.6,0.49104,744.0,365.33376,Jul
Dust/ Bụi,Ống khói lò nung men số 3,,,3/4/2020,147.9,,,165.0,49.6,0.49104,744.0,365.33376,Aug
Dust/ Bụi,Ống khói lò nung men số 3,,,3/4/2020,147.9,,,165.0,49.6,0.49104,720.0,353.54879999999997,Sep
Dust/ Bụi,Ống khói lò nung men số 3,,,20/8/2020,107.8,,,202.33333333333334,47.9,0.581506,744.0,432.64046399999995,Oct
Dust/ Bụi,Ống khói lò nung men số 3,,,20/8/2020,107.8,,,202.33333333333334,47.9,0.581506,720.0,418.68431999999996,Nov
Dust/ Bụi,Ống khói lò nung men số 3,,,20/8/2020,107.8,,,202.33333333333334,47.9,0.581506,744.0,432.64046399999995,Dec
Dust/ Bụi,Ống khói lò nung men số 4,,,2/12/2019,150.4,,,177.5,51.0,0.54315,416.0,225.9504,Jan
Dust/ Bụi,Ống khói lò nung men số 4,,,2/12/2019,150.4,,,177.5,51.0,0.54315,448.0,243.33120000000002,Feb
Dust/ Bụi,Ống khói lò nung men số 4,,,2/12/2019,150.4,,,177.5,51.0,0.54315,744.0,404.10360000000003,Mar
Dust/ Bụi,Ống khói lò nung men số 4,,,2/12/2019,150.4,,,177.5,51.0,0.54315,720.0,391.06800000000004,Apr
Dust/ Bụi,Ống khói lò nung men số 4,,,2/12/2019,150.4,,,177.5,51.0,0.54315,744.0,404.10360000000003,May
Dust/ Bụi,Ống khói lò nung men số 4,,,2/12/2019,150.4,,,177.5,51.0,0.54315,720.0,391.06800000000004,Jun
Dust/ Bụi,Ống khói lò nung men số 4,,,2/12/2019,150.4,,,177.5,51.0,0.54315,744.0,404.10360000000003,Jul
Dust/ Bụi,Ống khói lò nung men số 4,,,2/12/2019,150.4,,,177.5,51.0,0.54315,744.0,404.10360000000003,Aug
Dust/ Bụi,Ống khói lò nung men số 4,,,2/12/2019,150.4,,,177.5,51.0,0.54315,48.0,26.0712,Sep
Dust/ Bụi,Ống khói lò nung men số 4,,,20/8/2020,111.4,,,174.16666666666666,46.2,0.48279,0.0,0.0,Oct
Dust/ Bụi,Ống khói lò nung men số 4,,,20/8/2020,111.4,,,174.16666666666666,46.2,0.48279,0.0,0.0,Nov
Dust/ Bụi,Ống khói lò nung men số 4,,,20/8/2020,111.4,,,174.16666666666666,46.2,0.48279,624.0,301.26096,Dec
Dust/ Bụi,Ống khói lò nung men số 5,,,2/12/2019,120.1,,,178.33333333333334,52.5,0.56175,424.0,238.182,Jan
Dust/ Bụi,Ống khói lò nung men số 5,,,2/12/2019,120.1,,,178.33333333333334,52.5,0.56175,0.0,0.0,Feb
Dust/ Bụi,Ống khói lò nung men số 5,,,2/12/2019,120.1,,,178.33333333333334,52.5,0.56175,624.0,350.532,Mar
Dust/ Bụi,Ống khói lò nung men số 5,,,2/12/2019,120.1,,,178.33333333333334,52.5,0.56175,102.0,57.2985,Apr
Dust/ Bụi,Ống khói lò nung men số 5,,,2/12/2019,120.1,,,178.33333333333334,52.5,0.56175,0.0,0.0,May
Dust/ Bụi,Ống khói lò nung men số 5,,,2/12/2019,120.1,,,178.33333333333334,52.5,0.56175,408.0,229.194,Jun
Dust/ Bụi,Ống khói lò nung men số 5,,,2/12/2019,120.1,,,178.33333333333334,52.5,0.56175,696.0,390.97799999999995,Jul
Dust/ Bụi,Ống khói lò nung men số 5,,,2/12/2019,120.1,,,178.33333333333334,52.5,0.56175,0.0,0.0,Aug
Dust/ Bụi,Ống khói lò nung men số 5,,,2/12/2019,120.1,,,178.33333333333334,52.5,0.56175,0.0,0.0,Sep
Dust/ Bụi,Ống khói lò nung men số 5,,,2/12/2019,120.1,,,178.33333333333334,52.5,0.56175,0.0,0.0,Oct
Dust/ Bụi,Ống khói lò nung men số 5,,,2/12/2019,120.1,,,178.33333333333334,52.5,0.56175,0.0,0.0,Nov
Dust/ Bụi,Ống khói lò nung men số 5,,,2/12/2019,120.1,,,178.33333333333334,52.5,0.56175,0.0,0.0,Dec
Dust/ Bụi,Ống khói lò nung men số 6,,,2/12/2019,117.5,,,176.0,53.0,0.55968,424.0,237.30432,Jan
Dust/ Bụi,Ống khói lò nung men số 6,,,2/12/2019,117.5,,,176.0,53.0,0.55968,0.0,0.0,Feb
Dust/ Bụi,Ống khói lò nung men số 6,,,2/12/2019,117.5,,,176.0,53.0,0.55968,600.0,335.808,Mar
Dust/ Bụi,Ống khói lò nung men số 6,,,2/12/2019,117.5,,,176.0,53.0,0.55968,720.0,402.96959999999996,Apr
Dust/ Bụi,Ống khói lò nung men số 6,,,2/12/2019,117.5,,,176.0,53.0,0.55968,744.0,416.40191999999996,May
Dust/ Bụi,Ống khói lò nung men số 6,,,8/6/2020,109.3,,,176.0,45.8,0.48364799999999997,720.0,348.22655999999995,Jun
Dust/ Bụi,Ống khói lò nung men số 6,,,8/6/2020,109.3,,,176.0,45.8,0.48364799999999997,744.0,359.83411199999995,Jul
Dust/ Bụi,Ống khói lò nung men số 6,,,8/6/2020,109.3,,,176.0,45.8,0.48364799999999997,744.0,359.83411199999995,Aug
Dust/ Bụi,Ống khói lò nung men số 6,,,8/6/2020,109.3,,,176.0,45.8,0.48364799999999997,720.0,348.22655999999995,Sep
Dust/ Bụi,Ống khói lò nung men số 6,,,8/6/2020,109.3,,,176.0,45.8,0.48364799999999997,744.0,359.83411199999995,Oct
Dust/ Bụi,Ống khói lò nung men số 6,,,8/6/2020,109.3,,,176.0,45.8,0.48364799999999997,720.0,348.22655999999995,Nov
Dust/ Bụi,Ống khói lò nung men số 6,,,8/6/2020,109.3,,,176.0,45.8,0.48364799999999997,744.0,359.83411199999995,Dec
Dust/ Bụi,Sox/ Khí Sox,,,Jan,,,,,,,,,Jan
Dust/ Bụi,Sox/ Khí Sox,,,Feb,,,,,,,,,Feb
Dust/ Bụi,Sox/ Khí Sox,,,Mar,,,,,,,,,Mar
Dust/ Bụi,Sox/ Khí Sox,,,Apr,,,,,,,,,Apr
Dust/ Bụi,Sox/ Khí Sox,,,May,,,,,,,,,May
Dust/ Bụi,Sox/ Khí Sox,,,Jun,,,,,,,,,Jun
Dust/ Bụi,Sox/ Khí Sox,,,Jul,,,,,,,,,Jul
Dust/ Bụi,Sox/ Khí Sox,,,Aug,,,,,,,,,Aug
Dust/ Bụi,Sox/ Khí Sox,,,Sep,,,,,,,,,Sep
Dust/ Bụi,Sox/ Khí Sox,,,Oct,,,,,,,,,Oct
Dust/ Bụi,Sox/ Khí Sox,,,Nov,,,,,,,,,Nov
Dust/ Bụi,Sox/ Khí Sox,,,Dec,,,,,,,,,Dec
Dust/ Bụi,Stack No.,Process,,"Sampling 
(Month/Year)",,,,,,,,,Jan
Dust/ Bụi,Stack No.,Process,,"Sampling 
(Month/Year)",,,,,,,,,Feb
Dust/ Bụi,Stack No.,Process,,"Sampling 
(Month/Year)",,,,,,,,,Mar
Dust/ Bụi,Stack No.,Process,,"Sampling 
(Month/Year)",,,,,,,,,Apr
Dust/ Bụi,Stack No.,Process,,"Sampling 
(Month/Year)",,,,,,,,,May
Dust/ Bụi,Stack No.,Process,,"Sampling 
(Month/Year)",,,,,,,,,Jun
Dust/ Bụi,Stack No.,Process,,"Sampling 
(Month/Year)",,,,,,,,,Jul
Dust/ Bụi,Stack No.,Process,,"Sampling 
(Month/Year)",,,,,,,,,Aug
Dust/ Bụi,Stack No.,Process,,"Sampling 
(Month/Year)",,,,,,,,,Sep
Dust/ Bụi,Stack No.,Process,,"Sampling 
(Month/Year)",,,,,,,,,Oct
Dust/ Bụi,Stack No.,Process,,"Sampling 
(Month/Year)",,,,,,,,,Nov
Dust/ Bụi,Stack No.,Process,,"Sampling 
(Month/Year)",,,,,,,,,Dec
Dust/ Bụi,,,,MM/YYYY,,,,,,,,,Jan
Dust/ Bụi,,,,MM/YYYY,,,,,,,,,Feb
Dust/ Bụi,,,,MM/YYYY,,,,,,,,,Mar
Dust/ Bụi,,,,MM/YYYY,,,,,,,,,Apr
Dust/ Bụi,,,,MM/YYYY,,,,,,,,,May
Dust/ Bụi,,,,MM/YYYY,,,,,,,,,Jun
Dust/ Bụi,,,,MM/YYYY,,,,,,,,,Jul
Dust/ Bụi,,,,MM/YYYY,,,,,,,,,Aug
Dust/ Bụi,,,,MM/YYYY,,,,,,,,,Sep
Dust/ Bụi,,,,MM/YYYY,,,,,,,,,Oct
Dust/ Bụi,,,,MM/YYYY,,,,,,,,,Nov
Dust/ Bụi,,,,MM/YYYY,,,,,,,,,Dec
Dust/ Bụi,Sấy phun 1,,,2/12/2019,84.3,,,1416.6666666666667,15.72,1.3362000000000003,452.0,603.9624000000001,Jan
Dust/ Bụi,Sấy phun 1,,,2/12/2019,84.3,,,1416.6666666666667,15.72,1.3362000000000003,0.0,0.0,Feb
Dust/ Bụi,Sấy phun 1,,,2/12/2019,84.3,,,1416.6666666666667,15.72,1.3362000000000003,593.0,792.3666000000002,Mar
Dust/ Bụi,Sấy phun 1,,,3/4/2020,82.3,,,1416.6666666666667,18.0,1.53,671.0,1026.63,Apr
Dust/ Bụi,Sấy phun 1,,,3/4/2020,82.3,,,1416.6666666666667,18.0,1.53,689.0,1054.17,May
Dust/ Bụi,Sấy phun 1,,,8/6/2020,95.5,,,1416.6666666666667,92.2,7.837,673.0,5274.3009999999995,Jun
Dust/ Bụi,Sấy phun 1,,,8/6/2020,95.5,,,1416.6666666666667,92.2,7.837,714.0,5595.6179999999995,Jul
Dust/ Bụi,Sấy phun 1,,,8/6/2020,95.5,,,1416.6666666666667,92.2,7.837,637.0,4992.169,Aug
Dust/ Bụi,Sấy phun 1,,,8/6/2020,95.5,,,1416.6666666666667,92.2,7.837,466.0,3652.042,Sep
Dust/ Bụi,Sấy phun 1,,,20/8/2020,96.2,,,1416.6666666666667,94.2,8.007,680.0,5444.76,Oct
Dust/ Bụi,Sấy phun 1,,,20/8/2020,96.2,,,1416.6666666666667,94.2,8.007,683.0,5468.781,Nov
Dust/ Bụi,Sấy phun 1,,,20/8/2020,96.2,,,1416.6666666666667,94.2,8.007,660.0,5284.62,Dec
Dust/ Bụi,Sấy phun 2,,,2/12/2019,87.1,,,1416.6666666666667,18.34,1.5589,400.0,623.56,Jan
Dust/ Bụi,Sấy phun 2,,,2/12/2019,87.1,,,1416.6666666666667,18.34,1.5589,424.0,660.9736,Feb
Dust/ Bụi,Sấy phun 2,,,2/12/2019,87.1,,,1416.6666666666667,18.34,1.5589,654.0,1019.5206,Mar
Dust/ Bụi,Sấy phun 2,,,3/4/2020,71.9,,,1416.6666666666667,16.2,1.377,475.0,654.075,Apr
Dust/ Bụi,Sấy phun 2,,,3/4/2020,71.9,,,1416.6666666666667,16.2,1.377,499.7,688.0869,May
Dust/ Bụi,Sấy phun 2,,,8/6/2020,94.1,,,1416.6666666666667,93.6,7.956,513.6,4086.2016000000003,Jun
Dust/ Bụi,Sấy phun 2,,,8/6/2020,94.1,,,1416.6666666666667,93.6,7.956,611.0,4861.116,Jul
Dust/ Bụi,Sấy phun 2,,,8/6/2020,94.1,,,1416.6666666666667,93.6,7.956,531.0,4224.636,Aug
Dust/ Bụi,Sấy phun 2,,,8/6/2020,94.1,,,1416.6666666666667,93.6,7.956,621.0,4940.676,Sep
Dust/ Bụi,Sấy phun 2,,,20/8/2020,95.1,,,1416.6666666666667,94.7,8.0495,200.0,1609.9,Oct
Dust/ Bụi,Sấy phun 2,,,20/8/2020,95.1,,,1416.6666666666667,94.7,8.0495,360.0,2897.82,Nov
Dust/ Bụi,Sấy phun 2,,,20/8/2020,95.1,,,1416.6666666666667,94.7,8.0495,436.0,3509.582,Dec
Dust/ Bụi,"Ống khói lò nung xương 1,2",,,2/12/2019,153.2,,,173.33333333333334,83.84,0.8719360000000002,384.0,334.82342400000005,Jan
Dust/ Bụi,"Ống khói lò nung xương 1,2",,,2/12/2019,153.2,,,173.33333333333334,83.84,0.8719360000000002,328.0,285.99500800000004,Feb
Dust/ Bụi,"Ống khói lò nung xương 1,2",,,2/12/2019,153.2,,,173.33333333333334,83.84,0.8719360000000002,744.0,648.7203840000001,Mar
Dust/ Bụi,"Ống khói lò nung xương 1,2",,,3/4/2020,130.0,,,181.66666666666666,89.1,0.9711899999999999,720.0,699.2567999999999,Apr
Dust/ Bụi,"Ống khói lò nung xương 1,2",,,3/4/2020,130.0,,,181.66666666666666,89.1,0.9711899999999999,744.0,722.5653599999999,May
Dust/ Bụi,"Ống khói lò nung xương 1,2",,,8/6/2020,119.3,,,181.66666666666666,91.7,0.9995299999999999,720.0,719.6615999999999,Jun
Dust/ Bụi,"Ống khói lò nung xương 1,2",,,8/6/2020,119.3,,,181.66666666666666,91.7,0.9995299999999999,744.0,743.65032,Jul
Dust/ Bụi,"Ống khói lò nung xương 1,2",,,8/6/2020,119.3,,,181.66666666666666,91.7,0.9995299999999999,744.0,743.65032,Aug
Dust/ Bụi,"Ống khói lò nung xương 1,2",,,8/6/2020,119.3,,,181.66666666666666,91.7,0.9995299999999999,720.0,719.6615999999999,Sep
Dust/ Bụi,"Ống khói lò nung xương 1,2",,,20/8/2020,121.5,,,154.0,92.4,0.853776,744.0,635.209344,Oct
Dust/ Bụi,"Ống khói lò nung xương 1,2",,,20/8/2020,121.5,,,154.0,92.4,0.853776,720.0,614.71872,Nov
Dust/ Bụi,"Ống khói lò nung xương 1,2",,,20/8/2020,121.5,,,154.0,92.4,0.853776,744.0,635.209344,Dec
Dust/ Bụi,"Ống khói lò nung xương 3,4",,,2/12/2019,159.1,,,188.33333333333334,84.71,0.957223,416.0,398.204768,Jan
Dust/ Bụi,"Ống khói lò nung xương 3,4",,,2/12/2019,159.1,,,188.33333333333334,84.71,0.957223,448.0,428.835904,Feb
Dust/ Bụi,"Ống khói lò nung xương 3,4",,,2/12/2019,159.1,,,188.33333333333334,84.71,0.957223,744.0,712.1739120000001,Mar
Dust/ Bụi,"Ống khói lò nung xương 3,4",,,3/4/2020,120.1,,,186.66666666666666,83.3,0.9329599999999999,720.0,671.7312,Apr
Dust/ Bụi,"Ống khói lò nung xương 3,4",,,3/4/2020,120.1,,,186.66666666666666,83.3,0.9329599999999999,744.0,694.1222399999999,May
Dust/ Bụi,"Ống khói lò nung xương 3,4",,,8/6/2020,120.6,,,186.66666666666666,95.3,1.06736,720.0,768.4992000000001,Jun
Dust/ Bụi,"Ống khói lò nung xương 3,4",,,8/6/2020,120.6,,,186.66666666666666,95.3,1.06736,744.0,794.11584,Jul
Dust/ Bụi,"Ống khói lò nung xương 3,4",,,8/6/2020,120.6,,,186.66666666666666,95.3,1.06736,744.0,794.11584,Aug
Dust/ Bụi,"Ống khói lò nung xương 3,4",,,8/6/2020,120.6,,,186.66666666666666,95.3,1.06736,720.0,768.4992000000001,Sep
Dust/ Bụi,"Ống khói lò nung xương 3,4",,,20/8/2020,122.7,,,158.33333333333334,96.1,0.91295,744.0,679.2348000000001,Oct
Dust/ Bụi,"Ống khói lò nung xương 3,4",,,20/8/2020,122.7,,,158.33333333333334,96.1,0.91295,720.0,657.3240000000001,Nov
Dust/ Bụi,"Ống khói lò nung xương 3,4",,,20/8/2020,122.7,,,158.33333333333334,96.1,0.91295,744.0,679.2348000000001,Dec
Dust/ Bụi,"Ống khói lò nung xương 5,6",,,2/12/2019,146.5,,,175.5,80.19,0.8444007,424.0,358.0258968,Jan
Dust/ Bụi,"Ống khói lò nung xương 5,6",,,2/12/2019,146.5,,,175.5,80.19,0.8444007,0.0,0.0,Feb
Dust/ Bụi,"Ống khói lò nung xương 5,6",,,2/12/2019,146.5,,,175.5,80.19,0.8444007,624.0,526.9060368,Mar
Dust/ Bụi,"Ống khói lò nung xương 5,6",,,3/4/2020,145.9,,,175.0,91.2,0.9576,720.0,689.472,Apr
Dust/ Bụi,"Ống khói lò nung xương 5,6",,,3/4/2020,145.9,,,175.0,91.2,0.9576,744.0,712.4544,May
Dust/ Bụi,"Ống khói lò nung xương 5,6",,,8/6/2020,117.5,,,175.0,92.7,0.97335,720.0,700.812,Jun
Dust/ Bụi,"Ống khói lò nung xương 5,6",,,8/6/2020,117.5,,,175.0,92.7,0.97335,744.0,724.1724,Jul
Dust/ Bụi,"Ống khói lò nung xương 5,6",,,8/6/2020,117.5,,,175.0,92.7,0.97335,744.0,724.1724,Aug
Dust/ Bụi,"Ống khói lò nung xương 5,6",,,8/6/2020,117.5,,,175.0,92.7,0.97335,720.0,700.812,Sep
Dust/ Bụi,"Ống khói lò nung xương 5,6",,,20/8/2020,118.6,,,194.16666666666666,93.8,1.09277,744.0,813.02088,Oct
Dust/ Bụi,"Ống khói lò nung xương 5,6",,,20/8/2020,118.6,,,194.16666666666666,93.8,1.09277,720.0,786.7944,Nov
Dust/ Bụi,"Ống khói lò nung xương 5,6",,,20/8/2020,118.6,,,194.16666666666666,93.8,1.09277,744.0,813.02088,Dec
Dust/ Bụi,Ống khói lò nung men số 1,,,29/9/2019,157.3,,,168.66666666666666,6.38,0.06456559999999999,384.0,24.793190399999993,Jan
Dust/ Bụi,Ống khói lò nung men số 1,,,29/9/2019,157.3,,,168.66666666666666,6.38,0.06456559999999999,328.0,21.177516799999996,Feb
Dust/ Bụi,Ống khói lò nung men số 1,,,29/9/2019,157.3,,,168.66666666666666,6.38,0.06456559999999999,744.0,48.03680639999999,Mar
Dust/ Bụi,Ống khói lò nung men số 1,,,3/4/2020,152.3,,,178.33333333333334,93.1,0.9961699999999999,720.0,717.2424,Apr
Dust/ Bụi,Ống khói lò nung men số 1,,,3/4/2020,152.3,,,178.33333333333334,93.1,0.9961699999999999,744.0,741.1504799999999,May
Dust/ Bụi,Ống khói lò nung men số 1,,,8/6/2020,125.8,,,178.33333333333334,96.2,1.0293400000000001,720.0,741.1248,Jun
Dust/ Bụi,Ống khói lò nung men số 1,,,8/6/2020,125.8,,,178.33333333333334,96.2,1.0293400000000001,744.0,765.82896,Jul
Dust/ Bụi,Ống khói lò nung men số 1,,,8/6/2020,125.8,,,178.33333333333334,96.2,1.0293400000000001,744.0,765.82896,Aug
Dust/ Bụi,Ống khói lò nung men số 1,,,8/6/2020,125.8,,,178.33333333333334,96.2,1.0293400000000001,720.0,741.1248,Sep
Dust/ Bụi,Ống khói lò nung men số 1,,,8/6/2020,125.8,,,178.33333333333334,96.2,1.0293400000000001,744.0,765.82896,Oct
Dust/ Bụi,Ống khói lò nung men số 1,,,8/6/2020,125.8,,,178.33333333333334,96.2,1.0293400000000001,720.0,741.1248,Nov
Dust/ Bụi,Ống khói lò nung men số 1,,,8/6/2020,125.8,,,178.33333333333334,96.2,1.0293400000000001,744.0,765.82896,Dec
Dust/ Bụi,Ống khói lò nung men số 2,,,29/9/2019,124.3,,,141.5,6.42,0.05450579999999999,384.0,20.930227199999997,Jan
Dust/ Bụi,Ống khói lò nung men số 2,,,29/9/2019,124.3,,,141.5,6.42,0.05450579999999999,328.0,17.877902399999996,Feb
Dust/ Bụi,Ống khói lò nung men số 2,,,29/9/2019,124.3,,,141.5,6.42,0.05450579999999999,744.0,40.552315199999995,Mar
Dust/ Bụi,Ống khói lò nung men số 2,,,3/4/2020,149.5,,,186.66666666666666,90.2,1.0102399999999998,720.0,727.3727999999999,Apr
Dust/ Bụi,Ống khói lò nung men số 2,,,3/4/2020,149.5,,,186.66666666666666,90.2,1.0102399999999998,744.0,751.6185599999999,May
Dust/ Bụi,Ống khói lò nung men số 2,,,8/6/2020,105.7,,,186.66666666666666,93.3,1.04496,720.0,752.3712,Jun
Dust/ Bụi,Ống khói lò nung men số 2,,,8/6/2020,105.7,,,186.66666666666666,93.3,1.04496,744.0,777.4502400000001,Jul
Dust/ Bụi,Ống khói lò nung men số 2,,,8/6/2020,105.7,,,186.66666666666666,93.3,1.04496,744.0,777.4502400000001,Aug
Dust/ Bụi,Ống khói lò nung men số 2,,,8/6/2020,105.7,,,186.66666666666666,93.3,1.04496,720.0,752.3712,Sep
Dust/ Bụi,Ống khói lò nung men số 2,,,20/8/2020,124.7,,,155.66666666666666,97.8,0.9134519999999999,744.0,679.6082879999999,Oct
Dust/ Bụi,Ống khói lò nung men số 2,,,20/8/2020,124.7,,,155.66666666666666,97.8,0.9134519999999999,720.0,657.68544,Nov
Dust/ Bụi,Ống khói lò nung men số 2,,,20/8/2020,124.7,,,155.66666666666666,97.8,0.9134519999999999,744.0,679.6082879999999,Dec
Dust/ Bụi,Ống khói lò nung men số 3,,,29/9/2019,117.7,,,138.0,8.8,0.072864,416.0,30.311424,Jan
Dust/ Bụi,Ống khói lò nung men số 3,,,29/9/2019,117.7,,,138.0,8.8,0.072864,448.0,32.643072,Feb
Dust/ Bụi,Ống khói lò nung men số 3,,,29/9/2019,117.7,,,138.0,8.8,0.072864,744.0,54.210816,Mar
Dust/ Bụi,Ống khói lò nung men số 3,,,3/4/2020,147.9,,,165.0,93.4,0.9246600000000001,720.0,665.7552000000001,Apr
Dust/ Bụi,Ống khói lò nung men số 3,,,3/4/2020,147.9,,,165.0,93.4,0.9246600000000001,744.0,687.9470400000001,May
Dust/ Bụi,Ống khói lò nung men số 3,,,3/4/2020,147.9,,,165.0,93.4,0.9246600000000001,720.0,665.7552000000001,Jun
Dust/ Bụi,Ống khói lò nung men số 3,,,3/4/2020,147.9,,,165.0,93.4,0.9246600000000001,744.0,687.9470400000001,Jul
Dust/ Bụi,Ống khói lò nung men số 3,,,3/4/2020,147.9,,,165.0,93.4,0.9246600000000001,744.0,687.9470400000001,Aug
Dust/ Bụi,Ống khói lò nung men số 3,,,3/4/2020,147.9,,,165.0,93.4,0.9246600000000001,720.0,665.7552000000001,Sep
Dust/ Bụi,Ống khói lò nung men số 3,,,20/8/2020,107.8,,,202.33333333333334,92.9,1.1278060000000003,744.0,839.0876640000002,Oct
Dust/ Bụi,Ống khói lò nung men số 3,,,20/8/2020,107.8,,,202.33333333333334,92.9,1.1278060000000003,720.0,812.0203200000002,Nov
Dust/ Bụi,Ống khói lò nung men số 3,,,20/8/2020,107.8,,,202.33333333333334,92.9,1.1278060000000003,744.0,839.0876640000002,Dec
Dust/ Bụi,Ống khói lò nung men số 4,,,2/12/2019,150.4,,,177.5,91.11,0.9703215,416.0,403.65374399999996,Jan
Dust/ Bụi,Ống khói lò nung men số 4,,,2/12/2019,150.4,,,177.5,91.11,0.9703215,448.0,434.704032,Feb
Dust/ Bụi,Ống khói lò nung men số 4,,,2/12/2019,150.4,,,177.5,91.11,0.9703215,744.0,721.9191959999999,Mar
Dust/ Bụi,Ống khói lò nung men số 4,,,2/12/2019,150.4,,,177.5,91.11,0.9703215,720.0,698.63148,Apr
Dust/ Bụi,Ống khói lò nung men số 4,,,2/12/2019,150.4,,,177.5,91.11,0.9703215,744.0,721.9191959999999,May
Dust/ Bụi,Ống khói lò nung men số 4,,,2/12/2019,150.4,,,177.5,91.11,0.9703215,720.0,698.63148,Jun
Dust/ Bụi,Ống khói lò nung men số 4,,,2/12/2019,150.4,,,177.5,91.11,0.9703215,744.0,721.9191959999999,Jul
Dust/ Bụi,Ống khói lò nung men số 4,,,2/12/2019,150.4,,,177.5,91.11,0.9703215,744.0,721.9191959999999,Aug
Dust/ Bụi,Ống khói lò nung men số 4,,,2/12/2019,150.4,,,177.5,91.11,0.9703215,48.0,46.575432,Sep
Dust/ Bụi,Ống khói lò nung men số 4,,,20/8/2020,111.4,,,174.16666666666666,97.1,1.014695,0.0,0.0,Oct
Dust/ Bụi,Ống khói lò nung men số 4,,,20/8/2020,111.4,,,174.16666666666666,97.1,1.014695,0.0,0.0,Nov
Dust/ Bụi,Ống khói lò nung men số 4,,,20/8/2020,111.4,,,174.16666666666666,97.1,1.014695,624.0,633.16968,Dec
Dust/ Bụi,Ống khói lò nung men số 5,,,2/12/2019,120.1,,,178.33333333333334,92.18,0.9863260000000003,424.0,418.2022240000001,Jan
Dust/ Bụi,Ống khói lò nung men số 5,,,2/12/2019,120.1,,,178.33333333333334,92.18,0.9863260000000003,0.0,0.0,Feb
Dust/ Bụi,Ống khói lò nung men số 5,,,2/12/2019,120.1,,,178.33333333333334,92.18,0.9863260000000003,624.0,615.4674240000002,Mar
Dust/ Bụi,Ống khói lò nung men số 5,,,2/12/2019,120.1,,,178.33333333333334,92.18,0.9863260000000003,102.0,100.60525200000002,Apr
Dust/ Bụi,Ống khói lò nung men số 5,,,2/12/2019,120.1,,,178.33333333333334,92.18,0.9863260000000003,0.0,0.0,May
Dust/ Bụi,Ống khói lò nung men số 5,,,2/12/2019,120.1,,,178.33333333333334,92.18,0.9863260000000003,408.0,402.4210080000001,Jun
Dust/ Bụi,Ống khói lò nung men số 5,,,2/12/2019,120.1,,,178.33333333333334,92.18,0.9863260000000003,696.0,686.4828960000002,Jul
Dust/ Bụi,Ống khói lò nung men số 5,,,2/12/2019,120.1,,,178.33333333333334,92.18,0.9863260000000003,0.0,0.0,Aug
Dust/ Bụi,Ống khói lò nung men số 5,,,2/12/2019,120.1,,,178.33333333333334,92.18,0.9863260000000003,0.0,0.0,Sep
Dust/ Bụi,Ống khói lò nung men số 5,,,2/12/2019,120.1,,,178.33333333333334,92.18,0.9863260000000003,0.0,0.0,Oct
Dust/ Bụi,Ống khói lò nung men số 5,,,2/12/2019,120.1,,,178.33333333333334,92.18,0.9863260000000003,0.0,0.0,Nov
Dust/ Bụi,Ống khói lò nung men số 5,,,2/12/2019,120.1,,,178.33333333333334,92.18,0.9863260000000003,0.0,0.0,Dec
Dust/ Bụi,Ống khói lò nung men số 6,,,2/12/2019,117.5,,,176.0,93.15,0.9836640000000001,424.0,417.07353600000005,Jan
Dust/ Bụi,Ống khói lò nung men số 6,,,2/12/2019,117.5,,,176.0,93.15,0.9836640000000001,0.0,0.0,Feb
Dust/ Bụi,Ống khói lò nung men số 6,,,2/12/2019,117.5,,,176.0,93.15,0.9836640000000001,600.0,590.1984000000001,Mar
Dust/ Bụi,Ống khói lò nung men số 6,,,2/12/2019,117.5,,,176.0,93.15,0.9836640000000001,720.0,708.2380800000001,Apr
Dust/ Bụi,Ống khói lò nung men số 6,,,2/12/2019,117.5,,,176.0,93.15,0.9836640000000001,744.0,731.8460160000001,May
Dust/ Bụi,Ống khói lò nung men số 6,,,8/6/2020,109.3,,,176.0,95.4,1.007424,720.0,725.3452800000001,Jun
Dust/ Bụi,Ống khói lò nung men số 6,,,8/6/2020,109.3,,,176.0,95.4,1.007424,744.0,749.5234560000001,Jul
Dust/ Bụi,Ống khói lò nung men số 6,,,8/6/2020,109.3,,,176.0,95.4,1.007424,744.0,749.5234560000001,Aug
Dust/ Bụi,Ống khói lò nung men số 6,,,8/6/2020,109.3,,,176.0,95.4,1.007424,720.0,725.3452800000001,Sep
Dust/ Bụi,Ống khói lò nung men số 6,,,8/6/2020,109.3,,,176.0,95.4,1.007424,744.0,749.5234560000001,Oct
Dust/ Bụi,Ống khói lò nung men số 6,,,8/6/2020,109.3,,,176.0,95.4,1.007424,720.0,725.3452800000001,Nov
Dust/ Bụi,Ống khói lò nung men số 6,,,8/6/2020,109.3,,,176.0,95.4,1.007424,744.0,749.5234560000001,Dec
Dust/ Bụi,Nox,,,Jan,,,,,,,,,Jan
Dust/ Bụi,Nox,,,Feb,,,,,,,,,Feb
Dust/ Bụi,Nox,,,Mar,,,,,,,,,Mar
Dust/ Bụi,Nox,,,Apr,,,,,,,,,Apr
Dust/ Bụi,Nox,,,May,,,,,,,,,May
Dust/ Bụi,Nox,,,Jun,,,,,,,,,Jun
Dust/ Bụi,Nox,,,Jul,,,,,,,,,Jul
Dust/ Bụi,Nox,,,Aug,,,,,,,,,Aug
Dust/ Bụi,Nox,,,Sep,,,,,,,,,Sep
Dust/ Bụi,Nox,,,Oct,,,,,,,,,Oct
Dust/ Bụi,Nox,,,Nov,,,,,,,,,Nov
Dust/ Bụi,Nox,,,Dec,,,,,,,,,Dec
Dust/ Bụi,Stack No.,Process,,"Sampling 
(Month/Year)",,,,,,,,,Jan
Dust/ Bụi,Stack No.,Process,,"Sampling 
(Month/Year)",,,,,,,,,Feb
Dust/ Bụi,Stack No.,Process,,"Sampling 
(Month/Year)",,,,,,,,,Mar
Dust/ Bụi,Stack No.,Process,,"Sampling 
(Month/Year)",,,,,,,,,Apr
Dust/ Bụi,Stack No.,Process,,"Sampling 
(Month/Year)",,,,,,,,,May
Dust/ Bụi,Stack No.,Process,,"Sampling 
(Month/Year)",,,,,,,,,Jun
Dust/ Bụi,Stack No.,Process,,"Sampling 
(Month/Year)",,,,,,,,,Jul
Dust/ Bụi,Stack No.,Process,,"Sampling 
(Month/Year)",,,,,,,,,Aug
Dust/ Bụi,Stack No.,Process,,"Sampling 
(Month/Year)",,,,,,,,,Sep
Dust/ Bụi,Stack No.,Process,,"Sampling 
(Month/Year)",,,,,,,,,Oct
Dust/ Bụi,Stack No.,Process,,"Sampling 
(Month/Year)",,,,,,,,,Nov
Dust/ Bụi,Stack No.,Process,,"Sampling 
(Month/Year)",,,,,,,,,Dec
Dust/ Bụi,,,,MM/YYYY,,,,,,,,,Jan
Dust/ Bụi,,,,MM/YYYY,,,,,,,,,Feb
Dust/ Bụi,,,,MM/YYYY,,,,,,,,,Mar
Dust/ Bụi,,,,MM/YYYY,,,,,,,,,Apr
Dust/ Bụi,,,,MM/YYYY,,,,,,,,,May
Dust/ Bụi,,,,MM/YYYY,,,,,,,,,Jun
Dust/ Bụi,,,,MM/YYYY,,,,,,,,,Jul
Dust/ Bụi,,,,MM/YYYY,,,,,,,,,Aug
Dust/ Bụi,,,,MM/YYYY,,,,,,,,,Sep
Dust/ Bụi,,,,MM/YYYY,,,,,,,,,Oct
Dust/ Bụi,,,,MM/YYYY,,,,,,,,,Nov
Dust/ Bụi,,,,MM/YYYY,,,,,,,,,Dec
Dust/ Bụi,Sấy phun 1,,,2/12/2019,84.3,,,1416.6666666666667,4.4,0.37400000000000005,452.0,169.04800000000003,Jan
Dust/ Bụi,Sấy phun 1,,,2/12/2019,84.3,,,1416.6666666666667,4.4,0.37400000000000005,0.0,0.0,Feb
Dust/ Bụi,Sấy phun 1,,,2/12/2019,84.3,,,1416.6666666666667,4.4,0.37400000000000005,593.0,221.78200000000004,Mar
Dust/ Bụi,Sấy phun 1,,,3/4/2020,82.3,,,1416.6666666666667,4.9,0.41650000000000004,671.0,279.47150000000005,Apr
Dust/ Bụi,Sấy phun 1,,,3/4/2020,82.3,,,1416.6666666666667,4.9,0.41650000000000004,689.0,286.9685,May
Dust/ Bụi,Sấy phun 1,,,8/6/2020,95.5,,,1416.6666666666667,70.3,5.9755,673.0,4021.5115,Jun
Dust/ Bụi,Sấy phun 1,,,8/6/2020,95.5,,,1416.6666666666667,70.3,5.9755,714.0,4266.5070000000005,Jul
Dust/ Bụi,Sấy phun 1,,,8/6/2020,95.5,,,1416.6666666666667,70.3,5.9755,637.0,3806.3935,Aug
Dust/ Bụi,Sấy phun 1,,,8/6/2020,95.5,,,1416.6666666666667,70.3,5.9755,466.0,2784.583,Sep
Dust/ Bụi,Sấy phun 1,,,20/8/2020,96.2,,,1416.6666666666667,71.6,6.086,680.0,4138.4800000000005,Oct
Dust/ Bụi,Sấy phun 1,,,20/8/2020,96.2,,,1416.6666666666667,71.6,6.086,683.0,4156.738,Nov
Dust/ Bụi,Sấy phun 1,,,20/8/2020,96.2,,,1416.6666666666667,71.6,6.086,660.0,4016.76,Dec
Dust/ Bụi,Sấy phun 2,,,2/12/2019,87.1,,,1416.6666666666667,4.6,0.39099999999999996,400.0,156.39999999999998,Jan
Dust/ Bụi,Sấy phun 2,,,2/12/2019,87.1,,,1416.6666666666667,4.6,0.39099999999999996,424.0,165.784,Feb
Dust/ Bụi,Sấy phun 2,,,2/12/2019,87.1,,,1416.6666666666667,4.6,0.39099999999999996,654.0,255.71399999999997,Mar
Dust/ Bụi,Sấy phun 2,,,3/4/2020,71.9,,,1416.6666666666667,4.6,0.39099999999999996,475.0,185.725,Apr
Dust/ Bụi,Sấy phun 2,,,3/4/2020,71.9,,,1416.6666666666667,4.6,0.39099999999999996,499.7,195.38269999999997,May
Dust/ Bụi,Sấy phun 2,,,8/6/2020,94.1,,,1416.6666666666667,68.7,5.839500000000001,513.6,2999.167200000001,Jun
Dust/ Bụi,Sấy phun 2,,,8/6/2020,94.1,,,1416.6666666666667,68.7,5.839500000000001,611.0,3567.9345000000008,Jul
Dust/ Bụi,Sấy phun 2,,,8/6/2020,94.1,,,1416.6666666666667,68.7,5.839500000000001,531.0,3100.7745000000004,Aug
Dust/ Bụi,Sấy phun 2,,,8/6/2020,94.1,,,1416.6666666666667,68.7,5.839500000000001,621.0,3626.3295000000007,Sep
Dust/ Bụi,Sấy phun 2,,,20/8/2020,95.1,,,1416.6666666666667,67.9,5.7715000000000005,200.0,1154.3000000000002,Oct
Dust/ Bụi,Sấy phun 2,,,20/8/2020,95.1,,,1416.6666666666667,67.9,5.7715000000000005,360.0,2077.7400000000002,Nov
Dust/ Bụi,Sấy phun 2,,,20/8/2020,95.1,,,1416.6666666666667,67.9,5.7715000000000005,436.0,2516.3740000000003,Dec
Dust/ Bụi,"Ống khói lò nung xương 1,2",,,2/12/2019,153.2,,,173.33333333333334,5.1,0.05304,384.0,20.367359999999998,Jan
Dust/ Bụi,"Ống khói lò nung xương 1,2",,,2/12/2019,153.2,,,173.33333333333334,5.1,0.05304,328.0,17.397119999999997,Feb
Dust/ Bụi,"Ống khói lò nung xương 1,2",,,2/12/2019,153.2,,,173.33333333333334,5.1,0.05304,744.0,39.46176,Mar
Dust/ Bụi,"Ống khói lò nung xương 1,2",,,3/4/2020,130.0,,,181.66666666666666,5.3,0.057769999999999995,720.0,41.59439999999999,Apr
Dust/ Bụi,"Ống khói lò nung xương 1,2",,,3/4/2020,130.0,,,181.66666666666666,5.3,0.057769999999999995,744.0,42.98088,May
Dust/ Bụi,"Ống khói lò nung xương 1,2",,,8/6/2020,119.3,,,181.66666666666666,71.4,0.77826,720.0,560.3471999999999,Jun
Dust/ Bụi,"Ống khói lò nung xương 1,2",,,8/6/2020,119.3,,,181.66666666666666,71.4,0.77826,744.0,579.02544,Jul
Dust/ Bụi,"Ống khói lò nung xương 1,2",,,8/6/2020,119.3,,,181.66666666666666,71.4,0.77826,744.0,579.02544,Aug
Dust/ Bụi,"Ống khói lò nung xương 1,2",,,8/6/2020,119.3,,,181.66666666666666,71.4,0.77826,720.0,560.3471999999999,Sep
Dust/ Bụi,"Ống khói lò nung xương 1,2",,,20/8/2020,121.5,,,154.0,72.7,0.6717480000000001,744.0,499.7805120000001,Oct
Dust/ Bụi,"Ống khói lò nung xương 1,2",,,20/8/2020,121.5,,,154.0,72.7,0.6717480000000001,720.0,483.6585600000001,Nov
Dust/ Bụi,"Ống khói lò nung xương 1,2",,,20/8/2020,121.5,,,154.0,72.7,0.6717480000000001,744.0,499.7805120000001,Dec
Dust/ Bụi,"Ống khói lò nung xương 3,4",,,2/12/2019,159.1,,,188.33333333333334,4.6,0.05197999999999999,416.0,21.623679999999997,Jan
Dust/ Bụi,"Ống khói lò nung xương 3,4",,,2/12/2019,159.1,,,188.33333333333334,4.6,0.05197999999999999,448.0,23.287039999999998,Feb
Dust/ Bụi,"Ống khói lò nung xương 3,4",,,2/12/2019,159.1,,,188.33333333333334,4.6,0.05197999999999999,744.0,38.67311999999999,Mar
Dust/ Bụi,"Ống khói lò nung xương 3,4",,,3/4/2020,120.1,,,186.66666666666666,5.6,0.06272,720.0,45.1584,Apr
Dust/ Bụi,"Ống khói lò nung xương 3,4",,,3/4/2020,120.1,,,186.66666666666666,5.6,0.06272,744.0,46.66368,May
Dust/ Bụi,"Ống khói lò nung xương 3,4",,,8/6/2020,120.6,,,186.66666666666666,69.5,0.7783999999999999,720.0,560.4479999999999,Jun
Dust/ Bụi,"Ống khói lò nung xương 3,4",,,8/6/2020,120.6,,,186.66666666666666,69.5,0.7783999999999999,744.0,579.1295999999999,Jul
Dust/ Bụi,"Ống khói lò nung xương 3,4",,,8/6/2020,120.6,,,186.66666666666666,69.5,0.7783999999999999,744.0,579.1295999999999,Aug
Dust/ Bụi,"Ống khói lò nung xương 3,4",,,8/6/2020,120.6,,,186.66666666666666,69.5,0.7783999999999999,720.0,560.4479999999999,Sep
Dust/ Bụi,"Ống khói lò nung xương 3,4",,,20/8/2020,122.7,,,158.33333333333334,68.9,0.6545500000000001,744.0,486.9852000000001,Oct
Dust/ Bụi,"Ống khói lò nung xương 3,4",,,20/8/2020,122.7,,,158.33333333333334,68.9,0.6545500000000001,720.0,471.27600000000007,Nov
Dust/ Bụi,"Ống khói lò nung xương 3,4",,,20/8/2020,122.7,,,158.33333333333334,68.9,0.6545500000000001,744.0,486.9852000000001,Dec
Dust/ Bụi,"Ống khói lò nung xương 5,6",,,2/12/2019,146.5,,,175.5,4.8,0.050544,424.0,21.430656,Jan
Dust/ Bụi,"Ống khói lò nung xương 5,6",,,2/12/2019,146.5,,,175.5,4.8,0.050544,0.0,0.0,Feb
Dust/ Bụi,"Ống khói lò nung xương 5,6",,,2/12/2019,146.5,,,175.5,4.8,0.050544,624.0,31.539455999999998,Mar
Dust/ Bụi,"Ống khói lò nung xương 5,6",,,3/4/2020,145.9,,,175.0,5.8,0.0609,720.0,43.848,Apr
Dust/ Bụi,"Ống khói lò nung xương 5,6",,,3/4/2020,145.9,,,175.0,5.8,0.0609,744.0,45.3096,May
Dust/ Bụi,"Ống khói lò nung xương 5,6",,,8/6/2020,117.5,,,175.0,68.3,0.71715,720.0,516.348,Jun
Dust/ Bụi,"Ống khói lò nung xương 5,6",,,8/6/2020,117.5,,,175.0,68.3,0.71715,744.0,533.5595999999999,Jul
Dust/ Bụi,"Ống khói lò nung xương 5,6",,,8/6/2020,117.5,,,175.0,68.3,0.71715,744.0,533.5595999999999,Aug
Dust/ Bụi,"Ống khói lò nung xương 5,6",,,8/6/2020,117.5,,,175.0,68.3,0.71715,720.0,516.348,Sep
Dust/ Bụi,"Ống khói lò nung xương 5,6",,,20/8/2020,118.6,,,194.16666666666666,70.4,0.82016,744.0,610.19904,Oct
Dust/ Bụi,"Ống khói lò nung xương 5,6",,,20/8/2020,118.6,,,194.16666666666666,70.4,0.82016,720.0,590.5152,Nov
Dust/ Bụi,"Ống khói lò nung xương 5,6",,,20/8/2020,118.6,,,194.16666666666666,70.4,0.82016,744.0,610.19904,Dec
Dust/ Bụi,Ống khói lò nung men số 1,,,29/9/2019,157.3,,,168.66666666666666,5.7,0.057684,384.0,22.150655999999998,Jan
Dust/ Bụi,Ống khói lò nung men số 1,,,29/9/2019,157.3,,,168.66666666666666,5.7,0.057684,328.0,18.920352,Feb
Dust/ Bụi,Ống khói lò nung men số 1,,,29/9/2019,157.3,,,168.66666666666666,5.7,0.057684,744.0,42.916896,Mar
Dust/ Bụi,Ống khói lò nung men số 1,,,3/4/2020,152.3,,,178.33333333333334,6.0,0.0642,720.0,46.224,Apr
Dust/ Bụi,Ống khói lò nung men số 1,,,3/4/2020,152.3,,,178.33333333333334,6.0,0.0642,744.0,47.764799999999994,May
Dust/ Bụi,Ống khói lò nung men số 1,,,8/6/2020,125.8,,,178.33333333333334,72.4,0.7746800000000001,720.0,557.7696000000001,Jun
Dust/ Bụi,Ống khói lò nung men số 1,,,8/6/2020,125.8,,,178.33333333333334,72.4,0.7746800000000001,744.0,576.36192,Jul
Dust/ Bụi,Ống khói lò nung men số 1,,,8/6/2020,125.8,,,178.33333333333334,72.4,0.7746800000000001,744.0,576.36192,Aug
Dust/ Bụi,Ống khói lò nung men số 1,,,8/6/2020,125.8,,,178.33333333333334,72.4,0.7746800000000001,720.0,557.7696000000001,Sep
Dust/ Bụi,Ống khói lò nung men số 1,,,8/6/2020,125.8,,,178.33333333333334,72.4,0.7746800000000001,744.0,576.36192,Oct
Dust/ Bụi,Ống khói lò nung men số 1,,,8/6/2020,125.8,,,178.33333333333334,72.4,0.7746800000000001,720.0,557.7696000000001,Nov
Dust/ Bụi,Ống khói lò nung men số 1,,,8/6/2020,125.8,,,178.33333333333334,72.4,0.7746800000000001,744.0,576.36192,Dec
Dust/ Bụi,Ống khói lò nung men số 2,,,29/9/2019,124.3,,,141.5,5.5,0.046695,384.0,17.930880000000002,Jan
Dust/ Bụi,Ống khói lò nung men số 2,,,29/9/2019,124.3,,,141.5,5.5,0.046695,328.0,15.31596,Feb
Dust/ Bụi,Ống khói lò nung men số 2,,,29/9/2019,124.3,,,141.5,5.5,0.046695,744.0,34.741080000000004,Mar
Dust/ Bụi,Ống khói lò nung men số 2,,,3/4/2020,149.5,,,186.66666666666666,5.7,0.06384,720.0,45.9648,Apr
Dust/ Bụi,Ống khói lò nung men số 2,,,3/4/2020,149.5,,,186.66666666666666,5.7,0.06384,744.0,47.496959999999994,May
Dust/ Bụi,Ống khói lò nung men số 2,,,8/6/2020,105.7,,,186.66666666666666,74.5,0.8344,720.0,600.768,Jun
Dust/ Bụi,Ống khói lò nung men số 2,,,8/6/2020,105.7,,,186.66666666666666,74.5,0.8344,744.0,620.7936,Jul
Dust/ Bụi,Ống khói lò nung men số 2,,,8/6/2020,105.7,,,186.66666666666666,74.5,0.8344,744.0,620.7936,Aug
Dust/ Bụi,Ống khói lò nung men số 2,,,8/6/2020,105.7,,,186.66666666666666,74.5,0.8344,720.0,600.768,Sep
Dust/ Bụi,Ống khói lò nung men số 2,,,20/8/2020,124.7,,,155.66666666666666,70.7,0.660338,744.0,491.291472,Oct
Dust/ Bụi,Ống khói lò nung men số 2,,,20/8/2020,124.7,,,155.66666666666666,70.7,0.660338,720.0,475.44336,Nov
Dust/ Bụi,Ống khói lò nung men số 2,,,20/8/2020,124.7,,,155.66666666666666,70.7,0.660338,744.0,491.291472,Dec
Dust/ Bụi,Ống khói lò nung men số 3,,,29/9/2019,117.7,,,138.0,7.2,0.059616,416.0,24.800256,Jan
Dust/ Bụi,Ống khói lò nung men số 3,,,29/9/2019,117.7,,,138.0,7.2,0.059616,448.0,26.707968,Feb
Dust/ Bụi,Ống khói lò nung men số 3,,,29/9/2019,117.7,,,138.0,7.2,0.059616,744.0,44.354304,Mar
Dust/ Bụi,Ống khói lò nung men số 3,,,3/4/2020,147.9,,,165.0,5.7,0.05643,720.0,40.6296,Apr
Dust/ Bụi,Ống khói lò nung men số 3,,,3/4/2020,147.9,,,165.0,5.7,0.05643,744.0,41.98392,May
Dust/ Bụi,Ống khói lò nung men số 3,,,3/4/2020,147.9,,,165.0,5.7,0.05643,720.0,40.6296,Jun
Dust/ Bụi,Ống khói lò nung men số 3,,,3/4/2020,147.9,,,165.0,5.7,0.05643,744.0,41.98392,Jul
Dust/ Bụi,Ống khói lò nung men số 3,,,3/4/2020,147.9,,,165.0,5.7,0.05643,744.0,41.98392,Aug
Dust/ Bụi,Ống khói lò nung men số 3,,,3/4/2020,147.9,,,165.0,5.7,0.05643,720.0,40.6296,Sep
Dust/ Bụi,Ống khói lò nung men số 3,,,20/8/2020,107.8,,,202.33333333333334,75.7,0.9189980000000001,744.0,683.7345120000001,Oct
Dust/ Bụi,Ống khói lò nung men số 3,,,20/8/2020,107.8,,,202.33333333333334,75.7,0.9189980000000001,720.0,661.6785600000001,Nov
Dust/ Bụi,Ống khói lò nung men số 3,,,20/8/2020,107.8,,,202.33333333333334,75.7,0.9189980000000001,744.0,683.7345120000001,Dec
Dust/ Bụi,Ống khói lò nung men số 4,,,2/12/2019,150.4,,,177.5,4.5,0.047925,416.0,19.9368,Jan
Dust/ Bụi,Ống khói lò nung men số 4,,,2/12/2019,150.4,,,177.5,4.5,0.047925,448.0,21.4704,Feb
Dust/ Bụi,Ống khói lò nung men số 4,,,2/12/2019,150.4,,,177.5,4.5,0.047925,744.0,35.6562,Mar
Dust/ Bụi,Ống khói lò nung men số 4,,,2/12/2019,150.4,,,177.5,4.5,0.047925,720.0,34.506,Apr
Dust/ Bụi,Ống khói lò nung men số 4,,,2/12/2019,150.4,,,177.5,4.5,0.047925,744.0,35.6562,May
Dust/ Bụi,Ống khói lò nung men số 4,,,2/12/2019,150.4,,,177.5,4.5,0.047925,720.0,34.506,Jun
Dust/ Bụi,Ống khói lò nung men số 4,,,2/12/2019,150.4,,,177.5,4.5,0.047925,744.0,35.6562,Jul
Dust/ Bụi,Ống khói lò nung men số 4,,,2/12/2019,150.4,,,177.5,4.5,0.047925,744.0,35.6562,Aug
Dust/ Bụi,Ống khói lò nung men số 4,,,2/12/2019,150.4,,,177.5,4.5,0.047925,48.0,2.3004000000000002,Sep
Dust/ Bụi,Ống khói lò nung men số 4,,,20/8/2020,111.4,,,174.16666666666666,70.2,0.73359,0.0,0.0,Oct
Dust/ Bụi,Ống khói lò nung men số 4,,,20/8/2020,111.4,,,174.16666666666666,70.2,0.73359,0.0,0.0,Nov
Dust/ Bụi,Ống khói lò nung men số 4,,,20/8/2020,111.4,,,174.16666666666666,70.2,0.73359,624.0,457.76016,Dec
Dust/ Bụi,Ống khói lò nung men số 5,,,2/12/2019,120.1,,,178.33333333333334,4.3,0.04601,424.0,19.50824,Jan
Dust/ Bụi,Ống khói lò nung men số 5,,,2/12/2019,120.1,,,178.33333333333334,4.3,0.04601,0.0,0.0,Feb
Dust/ Bụi,Ống khói lò nung men số 5,,,2/12/2019,120.1,,,178.33333333333334,4.3,0.04601,624.0,28.710240000000002,Mar
Dust/ Bụi,Ống khói lò nung men số 5,,,2/12/2019,120.1,,,178.33333333333334,4.3,0.04601,102.0,4.693020000000001,Apr
Dust/ Bụi,Ống khói lò nung men số 5,,,2/12/2019,120.1,,,178.33333333333334,4.3,0.04601,0.0,0.0,May
Dust/ Bụi,Ống khói lò nung men số 5,,,2/12/2019,120.1,,,178.33333333333334,4.3,0.04601,408.0,18.772080000000003,Jun
Dust/ Bụi,Ống khói lò nung men số 5,,,2/12/2019,120.1,,,178.33333333333334,4.3,0.04601,696.0,32.022960000000005,Jul
Dust/ Bụi,Ống khói lò nung men số 5,,,2/12/2019,120.1,,,178.33333333333334,4.3,0.04601,0.0,0.0,Aug
Dust/ Bụi,Ống khói lò nung men số 5,,,2/12/2019,120.1,,,178.33333333333334,4.3,0.04601,0.0,0.0,Sep
Dust/ Bụi,Ống khói lò nung men số 5,,,2/12/2019,120.1,,,178.33333333333334,4.3,0.04601,0.0,0.0,Oct
Dust/ Bụi,Ống khói lò nung men số 5,,,2/12/2019,120.1,,,178.33333333333334,4.3,0.04601,0.0,0.0,Nov
Dust/ Bụi,Ống khói lò nung men số 5,,,2/12/2019,120.1,,,178.33333333333334,4.3,0.04601,0.0,0.0,Dec
Dust/ Bụi,Ống khói lò nung men số 6,,,2/12/2019,117.5,,,176.0,5.8,0.061248,424.0,25.969151999999998,Jan
Dust/ Bụi,Ống khói lò nung men số 6,,,2/12/2019,117.5,,,176.0,5.8,0.061248,0.0,0.0,Feb
Dust/ Bụi,Ống khói lò nung men số 6,,,2/12/2019,117.5,,,176.0,5.8,0.061248,600.0,36.748799999999996,Mar
Dust/ Bụi,Ống khói lò nung men số 6,,,2/12/2019,117.5,,,176.0,5.8,0.061248,720.0,44.09856,Apr
Dust/ Bụi,Ống khói lò nung men số 6,,,2/12/2019,117.5,,,176.0,5.8,0.061248,744.0,45.568512,May
Dust/ Bụi,Ống khói lò nung men số 6,,,8/6/2020,109.3,,,176.0,69.8,0.737088,720.0,530.70336,Jun
Dust/ Bụi,Ống khói lò nung men số 6,,,8/6/2020,109.3,,,176.0,69.8,0.737088,744.0,548.393472,Jul
Dust/ Bụi,Ống khói lò nung men số 6,,,8/6/2020,109.3,,,176.0,69.8,0.737088,744.0,548.393472,Aug
Dust/ Bụi,Ống khói lò nung men số 6,,,8/6/2020,109.3,,,176.0,69.8,0.737088,720.0,530.70336,Sep
Dust/ Bụi,Ống khói lò nung men số 6,,,8/6/2020,109.3,,,176.0,69.8,0.737088,744.0,548.393472,Oct
Dust/ Bụi,Ống khói lò nung men số 6,,,8/6/2020,109.3,,,176.0,69.8,0.737088,720.0,530.70336,Nov
Dust/ Bụi,Ống khói lò nung men số 6,,,8/6/2020,109.3,,,176.0,69.8,0.737088,744.0,548.393472,Dec
